-- phpMyAdmin SQL Dump
-- version 4.1.14
-- http://www.phpmyadmin.net
--
-- Хост: 127.0.0.1
-- Время создания: Июн 10 2015 г., 13:16
-- Версия сервера: 5.6.17
-- Версия PHP: 5.5.12

SET SQL_MODE = "NO_AUTO_VALUE_ON_ZERO";
SET time_zone = "+00:00";


/*!40101 SET @OLD_CHARACTER_SET_CLIENT=@@CHARACTER_SET_CLIENT */;
/*!40101 SET @OLD_CHARACTER_SET_RESULTS=@@CHARACTER_SET_RESULTS */;
/*!40101 SET @OLD_COLLATION_CONNECTION=@@COLLATION_CONNECTION */;
/*!40101 SET NAMES utf8 */;

--
-- База данных: `es`
--

-- --------------------------------------------------------

--
-- Структура таблицы `geo`
--

CREATE TABLE IF NOT EXISTS `geo` (
  `geo-id` int(11) NOT NULL AUTO_INCREMENT,
  `geo-type` int(11) DEFAULT NULL COMMENT '1-gorod;2-oblast;3-rayon;4-jamoat',
  `geo-name` varchar(255) DEFAULT NULL,
  PRIMARY KEY (`geo-id`)
) ENGINE=InnoDB  DEFAULT CHARSET=utf8 AUTO_INCREMENT=6 ;

--
-- Дамп данных таблицы `geo`
--

INSERT INTO `geo` (`geo-id`, `geo-type`, `geo-name`) VALUES
(1, 1, 'Душанбе'),
(2, 3, 'И. Сомони'),
(3, 3, 'Сино'),
(4, 3, 'Шохмансур'),
(5, 3, 'Фирдавси');

-- --------------------------------------------------------

--
-- Структура таблицы `internat_form1`
--

CREATE TABLE IF NOT EXISTS `internat_form1` (
  `id` varchar(45) NOT NULL,
  `muassisa_id` int(11) NOT NULL,
  `soli_tahsil` int(11) DEFAULT NULL,
  `sinf` int(11) DEFAULT NULL,
  `yatimon_hamagi` int(11) DEFAULT NULL,
  `yatimon_duxtaron` int(11) DEFAULT NULL,
  `bepadar_hamagi` int(11) DEFAULT NULL,
  `bepadar_duxtaron` int(11) DEFAULT NULL,
  `bemodar_hamagi` int(11) DEFAULT NULL,
  `bemodar_duxtaron` int(11) DEFAULT NULL,
  `beparastoron_hamagi` int(11) DEFAULT NULL,
  `beparastoron_duxtaron` int(11) DEFAULT NULL,
  PRIMARY KEY (`id`)
) ENGINE=InnoDB DEFAULT CHARSET=utf8;

-- --------------------------------------------------------

--
-- Структура таблицы `kudakiston_form1`
--

CREATE TABLE IF NOT EXISTS `kudakiston_form1` (
  `muassisa_id` int(11) DEFAULT NULL,
  `shumorai_kudakon` int(11) DEFAULT NULL,
  `miqdori_joy` int(11) DEFAULT NULL,
  `khususi` tinyint(4) DEFAULT NULL,
  `tobei_korxona` varchar(255) DEFAULT NULL,
  `soli_tahsil` int(11) DEFAULT NULL
) ENGINE=InnoDB DEFAULT CHARSET=utf8;

-- --------------------------------------------------------

--
-- Структура таблицы `maktab_form1`
--

CREATE TABLE IF NOT EXISTS `maktab_form1` (
  `id` varchar(45) NOT NULL,
  `muassisa_id` int(11) NOT NULL,
  `muassisa_name` varchar(255) NOT NULL,
  `zaboni_tahsil` varchar(2) DEFAULT NULL COMMENT '\\''язык обучения\\''',
  `miqdori_sinf` int(11) DEFAULT NULL,
  `shumorai_khonanda` int(11) DEFAULT NULL,
  `duxtaron` int(11) DEFAULT NULL,
  `soli_tahsil` int(11) DEFAULT NULL,
  PRIMARY KEY (`id`)
) ENGINE=InnoDB DEFAULT CHARSET=utf8;

--
-- Дамп данных таблицы `maktab_form1`
--

INSERT INTO `maktab_form1` (`id`, `muassisa_id`, `muassisa_name`, `zaboni_tahsil`, `miqdori_sinf`, `shumorai_khonanda`, `duxtaron`, `soli_tahsil`) VALUES
('1', 45, 'Мактаби № 2', 'tj', 26, 700, 305, 2013),
('10', 51, 'Мактаби № 29', 'tj', 55, 1686, 776, 2013),
('100', 75, 'Мактаби № 56', 'ru', 22, 729, 320, 2013),
('101', 258, 'Мактаби ибтидои махсус', 'tj', 10, 87, 34, 2013),
('102', 76, 'Мактаби № 59', 'tj', 63, 2052, 1025, 2013),
('103', 77, 'Мактаби № 60', 'tj', 66, 2262, 1129, 2013),
('104', 77, 'Мактаби № 60', 'ru', 3, 100, 46, 2013),
('105', 78, 'Мактаби № 64', 'tj', 29, 657, 282, 2013),
('106', 79, 'Мактаби № 66', 'tj', 50, 1671, 776, 2013),
('107', 79, 'Мактаби № 66', 'ru', 29, 914, 436, 2013),
('108', 79, 'Мактаби № 66', 'uz', 3, 43, 26, 2013),
('109', 80, 'Мактаби № 67', 'tj', 67, 1831, 926, 2013),
('11', 52, 'Мактаби № 31', 'tj', 34, 1104, 553, 2013),
('110', 81, 'Мактаби № 73', 'tj', 17, 388, 169, 2013),
('111', 82, 'Мактаби № 81', 'tj', 32, 828, 364, 2013),
('112', 82, 'Мактаби № 81', 'ru', 10, 338, 156, 2013),
('113', 83, 'Мактаби № 82', 'tj', 57, 1585, 770, 2013),
('114', 83, 'Мактаби № 82', 'ru', 4, 126, 63, 2013),
('115', 84, 'Мактаби № 86', 'tj', 71, 2038, 985, 2013),
('116', 85, 'Мактаби № 87', 'tj', 50, 1269, 561, 2013),
('117', 85, 'Мактаби № 87', 'ru', 5, 92, 45, 2013),
('118', 86, 'Мактаби № 88', 'tj', 79, 2351, 1153, 2013),
('119', 87, 'Мактаби № 89', 'tj', 83, 2602, 1367, 2013),
('12', 53, 'Мактаби № 35', 'tj', 52, 1693, 772, 2013),
('120', 88, 'Мактаби № 90', 'tj', 72, 1982, 994, 2013),
('121', 88, 'Мактаби № 90', 'ru', 9, 230, 108, 2013),
('122', 89, 'Мактаби № 91', 'tj', 79, 2734, 1257, 2013),
('123', 90, 'Мактаби № 92', 'tj', 74, 2240, 1121, 2013),
('124', 90, 'Мактаби № 92', 'ru', 25, 667, 321, 2013),
('125', 91, 'Мактаби № 93', 'tj', 68, 1926, 1018, 2013),
('126', 92, 'Мактаби № 94', 'tj', 56, 1537, 782, 2013),
('127', 92, 'Мактаби № 94', 'ru', 5, 115, 51, 2013),
('128', 93, 'Мактаби № 95', 'tj', 38, 1047, 506, 2013),
('129', 93, 'Мактаби № 95', 'ru', 2, 53, 19, 2013),
('13', 54, 'Мактаби № 36', 'tj', 65, 1835, 896, 2013),
('130', 94, 'Мактаби № 96', 'tj', 46, 1290, 595, 2013),
('131', 251, 'Мактаби асосии № 97', 'tj', 27, 701, 342, 2013),
('132', 96, 'Мактаби № 98', 'tj', 54, 1532, 708, 2013),
('133', 259, 'Мактаби ибтидоии 83', 'tj', 14, 359, 166, 2013),
('134', 247, 'Мактаб - комплекс № 5', 'tj', 12, 345, 191, 2013),
('135', 247, 'Мактаб - комплекс № 5', 'ru', 4, 131, 45, 2013),
('136', 219, 'Мактаби асосии № 80', 'tj', 29, 819, 315, 2013),
('137', 261, 'Мактаби ибтидоии № 84', 'tj', 21, 542, 277, 2013),
('138', 262, 'Мактаби ибтидоии № 85', 'tj', 16, 325, 170, 2013),
('139', 234, 'Гимназияи №1', 'tj', 28, 800, 263, 2013),
('14', 55, 'Мактаби № 39', 'tj', 25, 716, 307, 2013),
('140', 234, 'Гимназияи №1', 'ru', 5, 123, 47, 2013),
('141', 243, 'Литсейи №1', 'ru', 22, 612, 244, 2013),
('142', 244, 'Литсейи №2', 'tj', 16, 408, 173, 2013),
('143', 244, 'Литсейи №2', 'ru', 13, 302, 149, 2013),
('144', 235, 'Гимназияи №2', 'tj', 24, 665, 212, 2013),
('145', 206, 'Мактаб-интернати № 1', 'tj', 22, 426, 79, 2013),
('146', 206, 'Мактаб-интернати № 1', 'ru', 9, 127, 39, 2013),
('147', 207, 'Мактаб-интернати № 2', 'tj', 10, 106, 16, 2013),
('148', 207, 'Мактаб-интернати № 2', 'ru', 1, 10, 3, 2013),
('149', 208, 'Мактаб-интернати № 3', 'tj', 12, 102, 29, 2013),
('15', 56, 'Мактаби № 41', 'tj', 27, 800, 339, 2013),
('150', 209, 'Мактаб-интернати № 4', 'tj', 16, 351, 89, 2013),
('151', 255, 'Мактаби гоибона № 11 н. Сино', 'tj', 8, 168, 0, 2013),
('152', 254, 'Мактаби гоибона № 10 н. И. Сомони', 'tj', 5, 83, 0, 2013),
('153', 256, 'Мактаби гоибонаи №8 Фирдавси', 'tj', 2, 30, 0, 2013),
('154', 256, 'Мактаби гоибонаи №8 Фирдавси', 'ru', 14, 100, 51, 2013),
('155', 249, 'Мактаб-интернати мусики', 'tj', 22, 489, 147, 2013),
('156', 248, 'Мактаб-интернати варзиши', 'tj', 15, 438, 7, 2013),
('157', 249, 'мактаб-интернати мусики', 'tj', 11, 146, 83, 2013),
('158', 249, 'мактаб-интернати мусики', 'ru', 11, 138, 26, 2013),
('159', 263, 'Мактаби махсус', 'tj', 7, 42, 0, 2013),
('16', 57, 'Мактаби № 48', 'tj', 66, 2260, 1033, 2013),
('160', 239, 'Литсейи интернати Президенти', 'tj', 28, 680, 183, 2013),
('161', 239, 'литсейи интернати Президенти', 'ru', 16, 314, 129, 2013),
('162', 240, 'Литсейи Рохнамо', 'tj', 28, 546, 147, 2013),
('163', 33, 'Мактаби № 14', 'ru', 29, 930, 403, 2013),
('164', 26, 'Мактаби № 6', 'ru', 43, 905, 401, 2013),
('165', 246, 'Литсейи назди ДМТ', 'tj', 12, 218, 31, 2013),
('166', 237, 'литсейи  назди ДМТ', 'ru', 5, 67, 21, 2013),
('167', 242, 'Литсейи харби', 'tj', 12, 327, 0, 2013),
('168', 252, 'Мактаби байналмилали', 'en', 35, 558, 217, 2013),
('169', 227, 'Гимназияи Точикистон', 'tj', 14, 292, 90, 2013),
('17', 58, 'Мактаби № 63', 'tj', 65, 2071, 927, 2013),
('170', 227, 'гимназияи Точикистон', 'ru', 14, 288, 119, 2013),
('171', 229, 'Гимназияи Химмат', 'tj', 9, 157, 36, 2013),
('172', 229, 'Гимназияи Химмат', 'ru', 4, 56, 15, 2013),
('173', 238, 'Литсейи иноватсонии назди ДТТ', 'tj', 37, 728, 237, 2013),
('174', 238, 'литсейи иноватсонии назди ДТТ', 'ru', 27, 530, 192, 2013),
('175', 225, 'Гимназияи назди Донишгохи Тичорати Точикистон', 'tj', 13, 326, 80, 2013),
('176', 225, 'Гимназияи назди Донишгохи Тичорати Точикистон', 'ru', 9, 189, 64, 2013),
('177', 224, 'Гимназияи назди Донишгохи сохибкори ва хизмат', 'tj', 22, 477, 109, 2013),
('178', 224, 'Гимназияи назди Донишгохи сохибкори ва хизмат', 'ru', 1, 17, 5, 2013),
('179', 250, 'Мактаб-кудакистони рузаш бардавом', 'tj', 5, 96, 28, 2013),
('18', 59, 'Мактаби № 65', 'tj', 22, 554, 243, 2013),
('180', 250, 'мактаб-кудакистони рузаш бардавом', 'ru', 12, 294, 84, 2013),
('181', 241, 'Литсейи точики турки', 'tj', 16, 436, 89, 2013),
('182', 257, 'Мактаби ибтидои', 'tj', 7, 155, 58, 2013),
('183', 257, 'мактаби ибтидои', 'ru', 8, 235, 111, 2013),
('184', 236, 'Литсеи назди Донишгохи Техникии Точикистон', 'tj', 6, 120, 6, 2013),
('185', 222, 'Гимназияи кафолат', 'tj', 20, 415, 145, 2013),
('186', 222, 'гимназияи кафолат', 'ru', 8, 146, 62, 2013),
('187', 230, 'Гимназияи Хотам ПВ', 'ru', 26, 741, 148, 2013),
('188', 228, 'Гимназияи Хилол', 'tj', 6, 90, 28, 2013),
('189', 228, 'гимназияи Хилол', 'ru', 22, 394, 140, 2013),
('19', 59, 'Мактаби № 65', 'uz', 11, 241, 144, 2013),
('190', 221, 'Гимназияи иктисоди', 'tj', 22, 447, 150, 2013),
('191', 226, 'Гимназияи Сомони', 'tj', 12, 184, 44, 2013),
('192', 241, 'литсейи точики турки', 'tj', 21, 513, 103, 2013),
('193', 253, 'Мактаби байналмилалии президенти', 'en', 37, 470, 154, 2013),
('194', 223, 'Гимназияи назди ДИТ', 'tj', 84, 1816, 991, 2013),
('2', 46, 'Мактаби № 15', 'tj', 40, 1409, 569, 2013),
('20', 60, 'Мактаби № 71', 'tj', 71, 2479, 1123, 2013),
('21', 61, 'Мактаби № 79', 'tj', 54, 1546, 730, 2013),
('22', 245, 'Литсейи №55', 'tj', 53, 1581, 601, 2013),
('23', 24, 'Мактаби № 1', 'tj', 29, 1005, 446, 2013),
('24', 24, 'Мактаби № 1', 'ru', 25, 889, 382, 2013),
('25', 25, 'Мактаби № 4', 'tj', 22, 590, 265, 2013),
('26', 26, 'Мактаби № 6', 'tj', 40, 1191, 591, 2013),
('27', 27, 'Мактаби № 7', 'tj', 38, 1015, 504, 2013),
('28', 29, 'Мактаби № 10', 'tj', 17, 491, 209, 2013),
('29', 29, 'Мактаби № 10', 'uz', 12, 334, 218, 2013),
('3', 46, 'Мактаби № 15', 'uz', 11, 261, 178, 2013),
('30', 30, 'Мактаби № 11', 'tj', 57, 1659, 841, 2013),
('31', 31, 'Мактаби № 12', 'tj', 49, 1349, 626, 2013),
('32', 32, 'Мактаби № 13', 'tj', 32, 970, 428, 2013),
('33', 260, 'Мактаби ибтидоии № 14', 'tj', 2, 55, 28, 2013),
('34', 260, 'Мактаби ибтидоии № 14', 'ru', 22, 730, 300, 2013),
('35', 34, 'Мактаби № 26', 'tj', 30, 746, 334, 2013),
('36', 35, 'Мактаби № 34', 'tj', 52, 1706, 835, 2013),
('37', 36, 'Мактаби № 44', 'tj', 28, 755, 358, 2013),
('38', 37, 'Мактаби № 52', 'tj', 49, 1341, 618, 2013),
('39', 38, 'Мактаби № 61', 'tj', 34, 1015, 477, 2013),
('4', 47, 'Мактаби № 16', 'tj', 69, 1888, 907, 2013),
('40', 39, 'Мактаби № 62', 'tj', 38, 996, 472, 2013),
('41', 40, 'Мактаби № 68', 'tj', 15, 304, 141, 2013),
('42', 41, 'Мактаби № 69', 'tj', 19, 322, 161, 2013),
('43', 42, 'Мактаби № 70', 'tj', 42, 1176, 510, 2013),
('44', 42, 'Мактаби № 70', 'ru', 14, 438, 145, 2013),
('45', 233, 'Гимназияи № 9', 'tj', 21, 624, 271, 2013),
('46', 233, 'Гимназияи № 9', 'ru', 24, 794, 396, 2013),
('47', 231, 'Гимназияи № 53', 'tj', 63, 2043, 872, 2013),
('48', 217, 'Мактаби асосии № 3', 'tj', 56, 1741, 880, 2013),
('49', 2, 'Мактаби № 5', 'tj', 89, 2657, 1231, 2013),
('5', 47, 'Мактаби № 16', 'ru', 32, 1029, 449, 2013),
('50', 3, 'Мактаби № 17', 'tj', 61, 1806, 822, 2013),
('51', 3, 'Мактаби № 17', 'ru', 1, 21, 10, 2013),
('52', 4, 'Мактаби № 18', 'tj', 50, 1560, 773, 2013),
('53', 4, 'Мактаби № 18', 'uz', 1, 25, 20, 2013),
('54', 215, 'Мактаби асосии № 22', 'tj', 22, 577, 301, 2013),
('55', 215, 'Мактаби асосии № 22', 'ru', 5, 155, 73, 2013),
('56', 6, 'Мактаби № 24', 'tj', 86, 2895, 1411, 2013),
('57', 6, 'Мактаби № 24', 'ru', 16, 515, 180, 2013),
('58', 7, 'Мактаби № 28', 'tj', 25, 696, 335, 2013),
('59', 7, 'Мактаби № 28', 'ru', 35, 1197, 511, 2013),
('6', 48, 'Мактаби № 20', 'ru', 39, 1247, 535, 2013),
('60', 8, 'Мактаби № 30', 'tj', 57, 1846, 786, 2013),
('61', 9, 'Мактаби № 40', 'tj', 30, 820, 364, 2013),
('62', 9, 'Мактаби № 40', 'uz', 14, 317, 176, 2013),
('63', 10, 'Мактаби № 42', 'tj', 83, 3179, 1327, 2013),
('64', 10, 'Мактаби № 42', 'ru', 23, 817, 351, 2013),
('65', 11, 'Мактаби № 45', 'tj', 38, 1081, 515, 2013),
('66', 12, 'Мактаби № 49', 'tj', 61, 1972, 950, 2013),
('67', 13, 'Мактаби № 51', 'tj', 61, 1903, 994, 2013),
('68', 218, 'Мактаби асосии № 57', 'tj', 34, 1023, 484, 2013),
('69', 218, 'Мактаби асосии № 57', 'ru', 6, 152, 48, 2013),
('7', 49, 'Мактаби № 21', 'tj', 5, 188, 84, 2013),
('70', 15, 'Мактаби № 58', 'tj', 66, 2075, 1042, 2013),
('71', 16, 'Мактаби № 72', 'tj', 54, 1740, 755, 2013),
('72', 16, 'Мактаби № 72', 'ru', 10, 269, 112, 2013),
('73', 18, 'Мактаби № 75', 'tj', 12, 348, 163, 2013),
('74', 18, 'Мактаби № 75', 'uz', 18, 482, 287, 2013),
('75', 19, 'Мактаби № 76', 'tj', 53, 1638, 691, 2013),
('76', 20, 'Мактаби № 77', 'tj', 60, 1905, 885, 2013),
('77', 21, 'Мактаби № 78', 'tj', 27, 1006, 468, 2013),
('78', 21, 'Мактаби № 78', 'ru', 38, 1303, 529, 2013),
('79', 21, 'Мактаби № 78', 'uz', 6, 154, 62, 2013),
('8', 49, 'Мактаби № 21', 'ru', 58, 2077, 896, 2013),
('80', 232, 'Гимназияи № 74', 'tj', 55, 1646, 685, 2013),
('81', 232, 'Гимназияи № 74', 'ru', 40, 1216, 514, 2013),
('82', 64, 'Мактаби № 19', 'tj', 22, 580, 273, 2013),
('83', 64, 'Мактаби № 19', 'uz', 11, 243, 172, 2013),
('84', 65, 'Мактаби № 25', 'tj', 44, 1203, 569, 2013),
('85', 65, 'Мактаби № 25', 'uz', 7, 119, 75, 2013),
('86', 216, 'Мактаби асосии № 27', 'tj', 17, 332, 189, 2013),
('87', 66, 'Мактаби № 32', 'tj', 39, 1285, 571, 2013),
('88', 66, 'Мактаби № 32', 'ru', 28, 839, 400, 2013),
('89', 67, 'Мактаби № 33', 'tj', 57, 1536, 779, 2013),
('9', 50, 'Мактаби № 23', 'tj', 26, 723, 342, 2013),
('90', 68, 'Мактаби № 37', 'tj', 66, 1975, 957, 2013),
('91', 69, 'Мактаби № 38', 'tj', 64, 2075, 1100, 2013),
('92', 70, 'Мактаби № 43', 'tj', 79, 2166, 1165, 2013),
('93', 70, 'Мактаби № 43', 'ru', 5, 134, 63, 2013),
('94', 71, 'Мактаби № 46', 'tj', 28, 756, 374, 2013),
('95', 72, 'Мактаби № 47', 'tj', 23, 580, 286, 2013),
('96', 73, 'Мактаби № 50', 'tj', 71, 2274, 1138, 2013),
('97', 74, 'Мактаби № 54', 'tj', 35, 1058, 457, 2013),
('98', 74, 'Мактаби № 54', 'ru', 42, 1428, 598, 2013),
('99', 75, 'Мактаби № 56', 'tj', 68, 2277, 1129, 2013);

-- --------------------------------------------------------

--
-- Структура таблицы `maktab_form2`
--

CREATE TABLE IF NOT EXISTS `maktab_form2` (
  `id` varchar(45) NOT NULL,
  `muassisa_id` int(11) NOT NULL,
  `umumi_hamagi` int(11) DEFAULT NULL,
  `umumi_duxtaron` int(11) DEFAULT NULL,
  `umumi_pisaron` int(11) DEFAULT NULL,
  `yatimon_hamagi` int(11) DEFAULT NULL,
  `yatimon_duxtaron` int(11) DEFAULT NULL,
  `yatimon_pisaron` int(11) DEFAULT NULL,
  `mayubon_hamagi` int(11) DEFAULT NULL,
  `mayubon_duxtaron` int(11) DEFAULT NULL,
  `mayubon_pisaron` int(11) DEFAULT NULL,
  `xurok_hamagi` int(11) DEFAULT NULL,
  `xurok_duxtaron` int(11) DEFAULT NULL,
  `xurok_pisaron` int(11) DEFAULT NULL,
  `soli_tahsil` int(11) DEFAULT NULL,
  PRIMARY KEY (`id`)
) ENGINE=InnoDB DEFAULT CHARSET=utf8;

-- --------------------------------------------------------

--
-- Структура таблицы `muassisaho`
--

CREATE TABLE IF NOT EXISTS `muassisaho` (
  `m-id` int(11) NOT NULL AUTO_INCREMENT,
  `namud` int(11) DEFAULT NULL,
  `name_ru` varchar(255) DEFAULT NULL,
  `name_tj` varchar(255) DEFAULT NULL,
  `director` varchar(255) DEFAULT NULL,
  `address` varchar(255) DEFAULT NULL,
  `geo_id` int(11) DEFAULT NULL,
  `phone` varchar(45) DEFAULT NULL,
  `cellphone` varchar(45) DEFAULT NULL,
  `geo_lat` varchar(20) DEFAULT NULL,
  `geo_lng` varchar(20) DEFAULT NULL,
  PRIMARY KEY (`m-id`)
) ENGINE=InnoDB  DEFAULT CHARSET=utf8 AUTO_INCREMENT=264 ;

--
-- Дамп данных таблицы `muassisaho`
--

INSERT INTO `muassisaho` (`m-id`, `namud`, `name_ru`, `name_tj`, `director`, `address`, `geo_id`, `phone`, `cellphone`, `geo_lat`, `geo_lng`) VALUES
(1, 2, 'Мактаби(асос) № 3', 'Мактаби(асос) № 3', 'Собиров Мирзо', 'Н.Қарабоева80', 5, '2-34-15-84', '95-138-04-86', '38.584639613', '68.720630407'),
(2, 2, 'Мактаби № 5', 'Мактаби № 5', 'ҚурбоновСайдалӣ', 'Қосимова5/5', 5, '2-31-52-41', '95-138-10-10', NULL, NULL),
(3, 2, 'Мактаби № 17', 'Мактаби № 17', 'Файзов Одина', 'Фучика 8', 5, '2-60-72-42', '95-138-10-17', NULL, NULL),
(4, 2, 'Мактаби № 18', 'Мактаби № 18', 'МўъминоваЗебо', 'Қаҳҳорова67', 5, '2-27-45-56', '95-138-10-18', NULL, NULL),
(5, 2, 'Мактаби № 22(ибт.)', 'Мактаби № 22(ибт.)', 'Исоева Шаҳло', 'Фирдавсӣ', 5, '2-34-44-12', '95-138-10-22', NULL, NULL),
(6, 2, 'Мактаби № 24', 'Мактаби № 24', 'ҲомидҷоноваМавлуда', 'Фирдавсӣ 61', 5, '2-34-38-94', '95-138-10-24', NULL, NULL),
(7, 2, 'Мактаби № 28', 'Мактаби № 28', 'ҒаниеваГулчеҳра', 'Н.Қарабоева33', 5, '2-33-49-51', '95-138-10-28', NULL, NULL),
(8, 2, 'Мактаби № 30', 'Мактаби № 30', 'ҚурбоноваХоҷабегим', 'Фирдавсӣ87/1', 5, '2-31-84-47', '95-138-10-30', NULL, NULL),
(9, 2, 'Мактаби № 40', 'Мактаби № 40', 'АбдураҳмоноваГ.', 'Хатлон  4', 5, '2-60-64-81', '95-138-10-40', NULL, NULL),
(10, 2, 'Мактаби № 42', 'Мактаби № 42', 'ЗиёеваМушарафа', 'Фирдавсӣ93/2', 5, '2-31-63-87', '95-138-10-42', NULL, NULL),
(11, 2, 'Мактаби № 45', 'Мактаби № 45', 'ОдинаеваБарно', 'Матросова 25', 5, '4-41-37-29', '95-138-10-42', NULL, NULL),
(12, 2, 'Мактаби № 49', 'Мактаби № 49', 'ИсрофиловАнвар', 'Ушакова 61', 5, '2-39-16-36', '95-138-10-49', NULL, NULL),
(13, 2, 'Мактаби № 51', 'Мактаби № 51', 'СуробоваСалима', 'Н.Қарабоева10', 5, '2-33-63-33', '95-138-10-51', NULL, NULL),
(14, 2, 'Мактаби № 57(ибт.)', 'Мактаби № 57(ибт.)', 'ХидироваСарварбӣ', 'Фирдавсӣ 13', 5, '2-31-23-29', '95-138-10-57', NULL, NULL),
(15, 2, 'Мактаби № 58', 'Мактаби № 58', 'ТуйғуноваСаодат', 'Борбад 120', 5, '2-31-42-80', '95-138-10-58', NULL, NULL),
(16, 2, 'Мактаби № 72', 'Мактаби № 72', 'МадаминоваМунзима', '', 5, '2-33-21-33', '95-138-10-72', NULL, NULL),
(17, 2, 'Мактаби № 74', 'Мактаби № 74', 'ИномоваЗулфиниссо', 'Деҳотӣ 23', 5, '2-34-19-92', '95-138-10-74', NULL, NULL),
(18, 2, 'Мактаби № 75', 'Мактаби № 75', 'МуамадалиеваҶамила', 'Гостелло203', 5, '2-26-83-87', '95-138-10-75', NULL, NULL),
(19, 2, 'Мактаби № 76', 'Мактаби № 76', 'ШиринҷоноваШаҳрӣ', 'Деҳотӣ 21/6', 5, '2-34-29-68', '95-138-10-76', NULL, NULL),
(20, 2, 'Мактаби № 77', 'Мактаби № 77', 'ИсоматоваМалика', 'Фирдавсӣ9/1', 5, '2-39-16-36', '95-138-10-77', NULL, NULL),
(21, 2, 'Мактаби № 78', 'Мактаби № 78', 'БегмуродовРустам', 'Фирдавсӣ7/1', 5, '2-31-62-57', '95-138-10-78', NULL, NULL),
(22, 2, 'МКН', 'МКН', '', 'Шмид 1', 5, '2-60-64-43', '', NULL, NULL),
(23, 2, 'ШРМ 8', 'ШРМ 8', 'Абдуразоқоваҳусния', 'Н.Қарабоева78', 5, '2-33-81-27', '93-583-61-17', NULL, NULL),
(24, 2, 'Мактаби № 1', 'Мактаби № 1', 'Ҳусейнозда Шавкат', 'Бохтар 72', 2, '2-23-09-84', '907-97-09-01', NULL, NULL),
(25, 2, 'Мактаби № 4', 'Мактаби № 4', 'Раҳимова Фотима', 'Беҳзод 66', 2, '2-27-18-69', '93-829-54-78', NULL, NULL),
(26, 2, 'Мактаби № 6', 'Мактаби № 6', 'Хуҷасаидова Гулсара', 'Шотемур 77', 2, '2-21-14-92', '95-137-13-94', NULL, NULL),
(27, 2, 'Мактаби № 7', 'Мактаби № 7', 'Хоҷаева Гулчеҳра', 'Саид Носиров 4', 2, '2-24-15-92', '918-87-82-70', NULL, NULL),
(28, 2, 'Мактаби № 9', 'Мактаби № 9', 'Каримова Матлуба', 'Парвин-1', 2, '2-24-04-26', '98-570-03-03', NULL, NULL),
(29, 2, 'Мактаби № 10', 'Мактаби № 10', 'Муродова Мақсуда', 'Рўдакӣ 35', 2, '2-24-87-46', '98-576-88-38', NULL, NULL),
(30, 2, 'Мактаби № 11', 'Мактаби № 11', 'Саидов Толибшо', 'Шарқ 56', 2, '2-24-75-96', '917-18-85-85', NULL, NULL),
(31, 2, 'Мактаби № 12', 'Мактаби № 12', 'Раҷабова Ниёзбибӣ', 'Рўдакӣ 189', 2, '2-24-62-63', '907-95-95-66', NULL, NULL),
(32, 2, 'Мактаби № 13', 'Мактаби № 13', 'Раҳимова Гулнора', 'Ковалевская 4', 2, '2-28-53-83', '904-09-67-67', NULL, NULL),
(33, 2, 'Мактаби № 14', 'Мактаби № 14', 'Меликова Парвина', 'Шотемур 77', 2, '2-21-45-98', '919-05-38-66', NULL, NULL),
(34, 2, 'Мактаби № 26', 'Мактаби № 26', 'Восидов  Зиёдулло', 'Варзоб  ГЭС', 2, '4-44-73-57', '917-09-84-98', NULL, NULL),
(35, 2, 'Мактаби № 34', 'Мактаби № 34', 'Нурова Анзурат', 'Рўдакӣ 149', 2, '2-24-38-98', '918-39-39-95', NULL, NULL),
(36, 2, 'Мактаби № 44', 'Мактаби № 44', 'Нуруллоев Сафаралӣ', 'Рўдакӣ 170', 2, '2-24-74-40', '95-137-13-92', NULL, NULL),
(37, 2, 'Мактаби № 52', 'Мактаби № 52', 'Шарипова Нигора', 'Шевченко 109', 2, '2-27-42-84', '918-28-18-32', NULL, NULL),
(38, 2, 'Мактаби № 61', 'Мактаби № 61', 'Исмоилов Сўҳроб', 'Телман 336', 2, '2-27-29-13', '907-39-69-90', NULL, NULL),
(39, 2, 'Мактаби № 62', 'Мактаби № 62', 'Холова Мўҳтарама', 'Хоҷамбиёни Поён', 2, '2-28-03-87', '918-33-60-43', NULL, NULL),
(40, 2, 'Мактаби № 68', 'Мактаби № 68', 'Бердиева Наргис', 'Навобод 20', 2, '--------------', '917-60-05-40', NULL, NULL),
(41, 2, 'Мактаби № 69', 'Мактаби № 69', 'Хоҷиев Ҳусейн', 'Алхитой', 2, '2-28-30-29', '95-197-46-13', NULL, NULL),
(42, 2, 'Мактаби № 70', 'Мактаби № 70', 'Мухтошева Сурайё', 'Ҳофизи Ш. 15', 2, '481079884', '95-137-10-50', NULL, NULL),
(43, 2, 'Мак.шабонаи № 10', 'Мак.шабонаи № 10', 'Шарипов Негматулло', 'Кирпичний(маҳкама)', 2, '2-25-73-05', '--------------', NULL, NULL),
(44, 2, 'МКН', 'МКН', 'Гулов Қурбонхол', 'Рўдакӣ 184', 2, '--------------', '919-98-79-04', NULL, NULL),
(45, 2, 'Мактаби № 2', 'Мактаби № 2', 'ШероваҶумагул', 'Мирзобек', 4, '2-25-87-56', '93-527-73-32', NULL, NULL),
(46, 2, 'Мактаби № 15', 'Мактаби № 15', 'ТошеваМатлюба', 'Айнӣ № 49', 4, '2-23-16-93', '907-80-06-53', NULL, NULL),
(47, 2, 'Мактаби № 16', 'Мактаби № 16', 'СироҶова Матлуба', 'Титов 2 а', 4, ' 2-26-84-54', '98-55-70-31', NULL, NULL),
(48, 2, 'Мактаби № 20', 'Мактаби № 20', 'СайфуровМаҳмадсидиқ', 'Нарзиқулов№ 6', 4, '2-21-40-97', '918-24-62-00', NULL, NULL),
(49, 2, 'Мактаби № 21', 'Мактаби № 21', 'ИсмоиловБаҳром', 'Рўдакӣ 7 а', 4, '2-23-22-02', '907-81-00-21', NULL, NULL),
(50, 2, 'Мактаби № 23', 'Мактаби № 23', 'ҲомидовДодихудо', 'Г.2 Айнӣ 5', 4, '2-25-53-08', '95-148-44-92', NULL, NULL),
(51, 2, 'Мактаби № 29', 'Мактаби № 29', 'ГадоеваСаодат', 'Айнӣ №106', 4, '2-25-59-30', '905-55-99-59', NULL, NULL),
(52, 2, 'Мактаби № 31', 'Мактаби № 31', 'ҶамоловРаҳматхўҷа', 'А.Дониш 2', 4, '2-26-03-38', '93-444-44-03\r\n95-115-18-31', NULL, NULL),
(53, 2, 'Мактаби № 35', 'Мактаби № 35', 'ИсматуллоеваАнора', 'Адҳамов 62', 4, '2-27-23-37', '95-115-18-35\r\n95-137-29-41', NULL, NULL),
(54, 2, 'Мактаби № 36', 'Мактаби № 36', 'АбдураҳимовМирзонаим', 'Айнӣ №72', 4, '2-25-50-98', '918-35-92-94\r\n2-35-92-34', NULL, NULL),
(55, 2, 'Мактаби № 39', 'Мактаби № 39', 'ҶалиловаМанзура', 'Мк.Хуҷандӣ', 4, ' 2-22-19-20', '907-42-56-16', NULL, NULL),
(56, 2, 'Мактаби № 41', 'Мактаби № 41', 'ҲакимоваҶамила', 'А.Дониш 52', 4, '2-22-05-21', '93-405-11-11\r\n95-115-18-48', NULL, NULL),
(57, 2, 'Мактаби № 48', 'Мактаби № 48', 'ҶалоловаАдолат', 'Айнӣ №305', 4, '2-22-72-04', '919-43-04-05\r\n95-115-18-48', NULL, NULL),
(58, 2, 'Мактаби № 63', 'Мактаби № 63', 'СафароваБарно', 'Бўстон 5', 4, '2-25-59-57', '988-95-62-76', NULL, NULL),
(59, 2, 'Мактаби № 65', 'Мактаби № 65', 'УмратулоеваЗулфия', 'Деҳотӣ 8', 4, '2-27-06-21', '906-00-45-07\r\n95-115-18-98', NULL, NULL),
(60, 2, 'Мактаби № 71', 'Мактаби № 71', 'СафоловаРафоат', 'Айнӣ 265/1', 4, '95-117-27-38', '95-115-18-71\r\n907-23-64-10', NULL, NULL),
(61, 2, 'Мактаби № 79', 'Мактаби № 79', 'ПанҷиевФайзулло', 'Умед 27', 4, '2-27-37-36', '904-56-66-96', NULL, NULL),
(62, 2, 'МКН', 'МКН', 'КабутоваДурахшон', '', 4, '-------------', '917-83-38-32', NULL, NULL),
(63, 2, 'Мак.махсус', 'Мак.махсус', 'Бобоев Намоз', 'Турсунзода5', 4, '2-23-33-62', '918-82-82-82', NULL, NULL),
(64, 2, 'Мактаби № 19', 'Мактаби № 19', 'Раҷабова Кулобӣ', 'С.Шерозӣ 3', 3, '2- 27-31-77', '917-25-22-70', NULL, NULL),
(65, 2, 'Мактаби № 25', 'Мактаби № 25', 'Сафаров Қарчибек', 'И.Сомонӣ 9', 3, '2- 36-01-86', '93-515-64-70', NULL, NULL),
(66, 2, 'Мактаби № 32', 'Мактаби № 32', 'ЗоироваИдигул', 'Ломоносов 375', 3, '2- 38-02-72', '93-415-57-32', NULL, NULL),
(67, 2, 'Мактаби № 33', 'Мактаби № 33', 'Набиев Сироҷиддин', 'Авесто 27', 3, '2-37-28-46', '93-585-34-83', '38.593914593', '68.754726648'),
(68, 2, 'Мактаби № 37', 'Мактаби № 37', 'ҶўраеваНигина', 'Абдуллобеков10', 3, '2-36-51-74', '93-890-00-50', NULL, NULL),
(69, 2, 'Мактаби № 38', 'Мактаби № 38', 'Ёрматова Олима', 'Чортут 61а', 3, '2-31-88-53', '907-74-48-70', NULL, NULL),
(70, 2, 'Мактаби № 43', 'Мактаби № 43', 'ГанҷараеваСабоҳат', 'Ҳисор 38а', 3, '2-32-30-25', '93-530-99-92\r\n93-558-10-00', NULL, NULL),
(71, 2, 'Мактаби № 46', 'Мактаби № 46', 'ҲақназароваМавлуда', 'Ҳаёти нав 127', 3, '2-35-53-86', '98-829-85-85', NULL, NULL),
(72, 2, 'Мактаби № 47', 'Мактаби № 47', 'ВалиеваКулобӣ', 'Лучоби поён', 3, '474447943', '918-45-56-23', NULL, NULL),
(73, 2, 'Мактаби № 50', 'Мактаби № 50', 'ИброҳимовМуҳаммадҷон', 'Ю. Вафо', 3, '2-39-02-80', '907-32-87-76', NULL, NULL),
(74, 2, 'Мактаби № 54', 'Мактаби № 54', 'Ёрова Раъно', 'И.Сомонӣ 58', 3, '2-35-62-94', '98-108-35-35', NULL, NULL),
(75, 2, 'Мактаби № 56', 'Мактаби № 56', 'ОдилбековаЛола', 'Ҷоми 67а', 3, '2-31-90-79', '93-464-47-74', NULL, NULL),
(76, 2, 'Мактаби № 59', 'Мактаби № 59', 'МирзоҳаётоваМуслима', 'Ҷ.Расулов 63/4', 3, '2-38-11-51', '93-741-34-20\r\n905-05-82-82', NULL, NULL),
(77, 2, 'Мактаби № 60', 'Мактаби № 60', 'РозиқовҶалол', 'Федин 12', 3, '2-36-71-43', '919-33-31-89', NULL, NULL),
(78, 2, 'Мактаби № 64', 'Мактаби № 64', 'АбдуллоевМухтор', 'Лучоби боло', 3, '4447361', '93-599-93-09', NULL, NULL),
(79, 2, 'Мактаби № 66', 'Мактаби № 66', 'ТолибоваҚурбонгул', 'Маяков. 6/4', 3, '2-36-35-19', '900-91-09-81', NULL, NULL),
(80, 2, 'Мактаби № 67', 'Мактаби № 67', 'СолиевИсматулло', 'Ҷ.Расулов 41/4', 3, '2-33-86-27', '917-25-56-25', NULL, NULL),
(81, 2, 'Мактаби № 73', 'Мактаби № 73', 'КаримоваАшўрбӣ', 'Чортеппа', 3, '2-35-37-51', '98-107-63-31', NULL, NULL),
(82, 2, 'Мактаби № 81', 'Мактаби № 81', '', 'Сомонӣ 73/5', 3, '2-36-11-36', '907-53-52-22', NULL, NULL),
(83, 2, 'Мактаби № 82', 'Мактаби № 82', 'ТашриповаКулфат', 'Ҳисор 33', 3, '2-37-94-44', '919-16-63-73\r\n98-806-64-62', NULL, NULL),
(84, 2, 'Мактаби № 86', 'Мактаби № 86', 'ҶоноваМуслима', 'Зарафшон 1', 3, '2-32-55-81', '907-94-92-91', '38.584631226', '68.720415830'),
(85, 2, 'Мактаби № 87', 'Мактаби № 87', 'СобироваГулистон', 'Зарафшон', 3, '2- 40-20-22', '98-863-13-24', '38.582693896', '68.711725473'),
(86, 2, 'Мактаби № 88', 'Мактаби № 88', 'Асозода Мусо', 'Ҳисор 73', 3, '2-32-59-76', '93-500-07-62', '38.587667111', '68.736219406'),
(87, 2, 'Мактаби № 89', 'Мактаби № 89', 'ЗоидоваДилбар', 'Муҳамадиев17/5', 3, '2-32-87-81', '918-36-09-94', NULL, NULL),
(88, 2, 'Мактаби № 90', 'Мактаби № 90', 'АшироваСофия', 'Сино 139/1', 3, '2-36-02-48', '919-03-35-75\r\n95-138-05-62', NULL, NULL),
(89, 2, 'Мактаби № 91', 'Мактаби № 91', 'СаттороваЧамангул', 'Гипрозем 12а', 3, '2-39-14-10', '98-548-79-79', NULL, NULL),
(90, 2, 'Мактаби № 92', 'Мактаби № 92', 'КузиеваМунира', 'Федин 6а', 3, '2-35-61-67', '919-66-14-24', NULL, NULL),
(91, 2, 'Мактаби № 93', 'Мактаби № 93', 'ИсматоваНозигул', 'Испечак 2', 3, '2-37-51-75', '98-523-10-51', '38.586199503', '68.726681470'),
(92, 2, 'Мактаби № 94', 'Мактаби № 94', 'БузруковаНигина', 'А.Навоӣ 21', 3, '2 -36-14-01', '918-80-71-56', NULL, NULL),
(93, 2, 'Мактаби № 95', 'Мактаби № 95', 'Давлатова Замира', 'Зарафшон', 3, '2-37-50-02', '93-530-71-34', '38.583876428', '68.716381788'),
(94, 2, 'Мактаби № 96', 'Мактаби № 96', 'Алиева Шарифа', 'Зарафшон', 3, '2-37-27-91', '917-40-03-40', '38.587398751', '68.722958564'),
(95, 2, 'Мактаби № 97(асос)', 'Мактаби № 97(асос)', 'Оев Анвар', 'Авул 2', 3, '4-44-73-71', '918-90-39-38', NULL, NULL),
(96, 2, 'Мактаби № 98', 'Мактаби № 98', 'ОдинаеваҶулванамо', 'Навбаҳор 27/1', 3, '378814577', '93-422-46-18', NULL, NULL),
(97, 2, 'Ѓоибонаи № 11', 'Ѓоибонаи № 11', 'МазҳабовТалабшо', 'Чортут 139', 3, '---------------', '---------------', NULL, NULL),
(98, 2, 'Ѓоибонаи № 12', 'Ѓоибонаи № 12', 'СадриддиновН.', 'Ҷ. Расулов', 3, '---------------', '---------------', NULL, NULL),
(99, 2, 'МКН', 'МКН', 'КаримоваМавлуда', 'Маяковский 42', 3, '', '93-875-66-77', NULL, NULL),
(100, 2, 'Мактаби № 27(асос)', 'Мактаби № 27(асос)', 'ТоҳироваНизорамоҳ', 'Ҳисорак 95а', 3, '2-24-12-69', '918-90-39-38', NULL, NULL),
(101, 2, 'Мактаби № 1(асос)', 'Мактаби № 1(асос)', 'РаҳмоноваТахмина', '', 3, '2-36-40-94', '', NULL, NULL),
(102, 2, 'Мактаби № 5', 'Мактаби № 5', 'УзоқоваГулчеҳра', 'Борбад 97', 3, '98-560-06-18', '909-00-40-80', NULL, NULL),
(103, 2, 'Мактаби № 80(иб)', 'Мактаби № 80(иб)', 'ХоҷамироваЗ.', 'Р.Набиев', 3, '2-33-36-96', '917-44-46-95', NULL, NULL),
(104, 2, 'Мактаби № 83', 'Мактаби № 83', 'ХуррамоваДавлатмо', 'Абдуллобеков 9', 3, '2-38-12-78', '93-413-68-29', NULL, NULL),
(105, 2, 'Мактаби № 84(иб)', 'Мактаби № 84(иб)', 'БекназароваГулсуной', 'Ғафурова 42', 3, '2-32-21-61', '98-502-42-81', NULL, NULL),
(106, 2, 'Мактаби № 85(иб)', 'Мактаби № 85(иб)', 'ХолмуродоваНазира', 'Абдуллобеков 9', 3, '2-35-33-97', '98-597-77-47', NULL, NULL),
(107, 2, 'Мактаби № 99', 'Мактаби № 99', 'СаидалиеваСалима', ' ', 3, '2-37-61-27', '918-26-25-55\r\n919-98-84-96', NULL, NULL),
(108, 1, 'Кўдакистони № 18', 'Кўдакистони № 18', 'ДовудоваШаҳодат', 'Зарафшон', 3, '2-37-61-21', '918-67-06-92', NULL, NULL),
(109, 1, 'Кўдакистони № 31', 'Кўдакистони № 31', 'ХомушоваСитора', 'Сино 130/2', 3, '2-35-33-96', '93-507-56-92', NULL, NULL),
(110, 1, 'Кўдакистони № 42', 'Кўдакистони № 42', 'МаҳмудоваОроста', 'Р. Набиев 238', 3, '2-33-11-17', '919-68-53-54', NULL, NULL),
(111, 1, 'Кўдакистони № 55', 'Кўдакистони № 55', 'ШукуроваРаъно', 'А.Навоӣ', 3, '2-35-33-87', '95-194-35-36', NULL, NULL),
(112, 1, 'Кўдакистони № 56', 'Кўдакистони № 56', 'СалимоваЧинигул', 'И.Сомонӣ  73/6', 3, '2-35-33-83', '35-161-74-89', NULL, NULL),
(113, 1, 'Кўдакистони № 62', 'Кўдакистони № 62', 'Шарипова Х.', 'Р.Набиев 4', 3, '2-33-11-25', '919-97-64-66', NULL, NULL),
(114, 1, 'Кўдакистони № 63', 'Кўдакистони № 63', 'АзизоваИдимоҳ', 'Р.Набиев 38', 3, '2-33-11-22', '919-66-04-68', NULL, NULL),
(115, 1, 'Кўдакистони № 66', 'Кўдакистони № 66', 'ДавлатоваФаришта', 'С.Шерозӣ 7', 3, '2-33-11-21', '95-160-05-57', NULL, NULL),
(116, 1, 'Кўдакистони № 68', 'Кўдакистони № 68', 'ТўраеваСаломат', 'Тургенев 9', 3, '', '93-433-71-71', NULL, NULL),
(117, 1, 'Кўдакистони № 77', 'Кўдакистони № 77', 'ХолиқоваДилбар', 'Федин 42', 3, '2-36-84-63', '917-96-99-77', NULL, NULL),
(118, 1, 'Кўдакистони № 80', 'Кўдакистони № 80', 'НозимоваГулрухсор', 'Ҷомӣ50', 3, '2-31-36-31', '93-528-46-66', NULL, NULL),
(119, 1, 'Кўдакистони № 81', 'Кўдакистони № 81', 'АюбӣМухбира', 'Маяковский 22', 3, '2-35-33-94', '919-51-81-51', NULL, NULL),
(120, 1, 'Кўдакистони № 83', 'Кўдакистони № 83', 'СайфуллоеваТахмина', 'Авесто', 3, '', '918-63-54-34', NULL, NULL),
(121, 1, 'Кўдакистони № 85', 'Кўдакистони № 85', 'МаҳмадалиеваМанзура', 'Маяковсий 49/1', 3, '2-35-33-90', '900-18-10-18, 93-454-14-65', NULL, NULL),
(122, 1, 'Кўдакистони № 86', 'Кўдакистони № 86', 'Нуралиева Зарина', 'Лучоби боло', 3, '2-24-08-78', '93-459-95-85', NULL, NULL),
(123, 1, 'Кўдакистони № 89', 'Кўдакистони № 89', 'ВалиходҷаеваМеҳрӣ', 'Ҷомӣ 38', 3, '2-39-66-57', '918-82-28-93', NULL, NULL),
(124, 1, 'Кўдакистони № 90', 'Кўдакистони № 90', 'МуродоваНадомат', 'Федин 18', 3, '2-35-33-84', '93-588-31-03', NULL, NULL),
(125, 1, 'Кўдакистони № 93', 'Кўдакистони № 93', 'НазароваСоҷида', 'Яккачинор 146', 3, '2-36-41-54', ' 93-518-37-35', NULL, NULL),
(126, 1, 'Кўдакистони № 95', 'Кўдакистони № 95', 'МусоеваХосият', 'Ломоносов 141', 3, '2-50-06-12', '919-97-67-90', NULL, NULL),
(127, 1, 'Кўдакистони № 96', 'Кўдакистони № 96', 'МукумоваПарвина', 'С.Шерозӣ 39', 3, '2-36-41-40', '918-44-11-39', NULL, NULL),
(128, 1, 'Кўдакистони № 98', 'Кўдакистони № 98', 'ИмомоваУрубӣ', 'Зарафшон 2', 3, '919-33-66-51', '93-534-34-72', NULL, NULL),
(129, 1, 'Кўдакистони № 101', 'Кўдакистони № 101', 'МирзоеваГулбарг', 'Мушфиқи 21', 3, '2-33-11-15', '919-05-25-30', NULL, NULL),
(130, 1, 'Кўдакистони № 112', 'Кўдакистони № 112', 'МуҳидиноваГулрў', 'Маяковский47/1', 3, '', '904-21-21-45', NULL, NULL),
(131, 1, 'Кўдакистони № 118', 'Кўдакистони № 118', 'АкобироваГулчеҳра', 'Абдуллобеков 9', 3, '2-38-12-78', '93-505-52-44', NULL, NULL),
(132, 1, 'Кўдакистони № 136', 'Кўдакистони № 136', 'ОдиловаЗайнаб', 'И.Сомонӣ 82', 3, '2-36-41-14', '93-409-90-99', NULL, NULL),
(133, 1, 'Кўдакистони № 137', 'Кўдакистони № 137', 'ТешаеваСафия', 'Ғафурова 48', 3, '2-32-20-61', '919-13-97-45', NULL, NULL),
(134, 1, 'Кўдакистони № 139', 'Кўдакистони № 139', 'СаидоваГулсара', 'Ғафурова 36/5', 3, '2-37-61-63', '919-17-01-12', NULL, NULL),
(135, 1, 'Кўдакистони № 140', 'Кўдакистони № 140', 'ҲакимоваАнзура', 'Ғафурова 36/4', 3, '2-32-20-65', '93-423-38-43', NULL, NULL),
(136, 1, 'Кўдакистони № 141', 'Кўдакистони № 141', 'ФайзиддиноваП.', 'И. Сомонӣ 83', 3, '2-37-61-44', '93-816-61-76', NULL, NULL),
(137, 1, 'Кўдакистони № 144', 'Кўдакистони № 144', 'НозимоваФирўза', 'А.Навоӣ  57/3', 3, '2-32-16-11', '917-45-05-55', NULL, NULL),
(138, 1, 'Кўдакистони № 148', 'Кўдакистони № 148', 'ДавлатоваГулшаной', 'Мухамадиев  27', 3, '2-37-61-51', '919-14-74-44', NULL, NULL),
(139, 1, 'Кўдакистони № 150', 'Кўдакистони № 150', 'МуҳитдиноваШ.', 'Мухамадиев 5/4', 3, '2-37-61-63', '95-160-84-92', NULL, NULL),
(140, 1, 'Кўдакистони № 152', 'Кўдакистони № 152', 'РизоеваМаърифат', 'Мухамадиев87/3', 3, '2-38-17-53', '95-161-89-83', NULL, NULL),
(141, 1, 'Кўдакистони № 154', 'Кўдакистони № 154', 'Комила Гавҳар', 'Мухамадиев 5/3', 3, '2-37-61-66', '95-146-50-10', NULL, NULL),
(142, 1, 'Кўдакистони № 156', 'Кўдакистони № 156', 'БурҳоноваШирин', 'Ғафурова 3', 3, '2-36-31-78', '95-198-99-04', NULL, NULL),
(143, 1, 'Кўдакистони № 157', 'Кўдакистони № 157', 'Қодирова  Ҳамида', 'Сино 44/2', 3, '2-36-30-78', '919-19-02-57', NULL, NULL),
(144, 1, 'Кўдакистони № 158', 'Кўдакистони № 158', 'ЎзбековаСанифа', 'Испечак 2', 3, '2-32-21-65', '918-84-38-76', NULL, NULL),
(145, 1, 'Кўдакистони № 162', 'Кўдакистони № 162', 'ФаттоеваРухсорамоҳ', 'Навбаҳор', 3, '', '918-66-82-21', NULL, NULL),
(146, 1, 'Кўдакистони № 22', 'Кўдакистони № 22', 'МиралиеваЗарина', 'Навоӣ 13-5', 3, '2-29-54-76', '918-54-35-35', NULL, NULL),
(147, 1, 'Кўдакистони № 133', 'Кўдакистони № 133', 'ПўлотоваМатлуба', 'Сомонӣ 107', 3, '2-36-58-65', '237-98-83', NULL, NULL),
(148, 1, 'Кўдакистони № 143', 'Кўдакистони № 143', 'ИбодоваНигина', 'Сомонӣ 108', 3, '2-37-61-32', '93-559-44-43', NULL, NULL),
(149, 1, 'Кўдакистони № 146', 'Кўдакистони № 146', 'Азизова Зебо', 'Сомонӣ 85/2', 3, '237-82-67', '2-27-81-33', NULL, NULL),
(150, 1, 'Бачагӣ ватараҚҚиёт', 'Бачагӣ ватараҚҚиёт', 'АбдулвоҳидоваМ.', 'Сомонӣ 59/1', 3, '', '95-162-14-52', NULL, NULL),
(151, 1, 'Кўдакистони № 23', 'Кўдакистони № 23', 'Фаъолиятнадорад', '', 3, '', '', NULL, NULL),
(152, 1, 'Кўдакистони № 3', 'Кўдакистони № 3', 'КисловаИрна', 'Спартак 20', 2, '2-21-36-22', '919-00-49-92', NULL, NULL),
(153, 1, 'Кўдакистони № 4', 'Кўдакистони № 4', 'НозимоваОимгул', 'ҲофизиШерозӣ 126', 2, '2-28-70-56', '', NULL, NULL),
(154, 1, 'Кўдакистони №  5', 'Кўдакистони №  5', 'МаҳмадоваПарвина', 'Варзоб ГЭС', 2, '', '93-816-16-30', NULL, NULL),
(155, 1, 'Кўдакистони № 8', 'Кўдакистони № 8', 'АсоеваДилбар', 'Гагарин 53', 2, '2-28-04-14', '95-137-10-35', NULL, NULL),
(156, 1, 'Кўдакистони № 12', 'Кўдакистони № 12', 'АлиеваГулбаҳор', 'Лоҳутӣ 35', 2, '2-27-22-02', '907-31-30-89', NULL, NULL),
(157, 1, 'Кўдакистони № 17', 'Кўдакистони № 17', 'КуҷароваҲусния', 'МаҳмадуллоХолов 4', 2, '2-24-67-60', '917-30-19-91', NULL, NULL),
(158, 1, 'Кўдакистони № 34', 'Кўдакистони № 34', 'СалимоваЗебо', 'Н. Ҳикмат119', 2, '2-24-00-36', '917-86-84-79', NULL, NULL),
(159, 1, 'Кўдакистони № 38', 'Кўдакистони № 38', 'УлмасоваМуборак', 'ҒанӣАбдулло 49', 2, '2-24-78-03', '93-600-32-82', NULL, NULL),
(160, 1, 'Ширхоркўдакистони 40', 'Ширхоркўдакистони 40', 'ДиёроваСабоҳат', 'МирзоТурсунзода19', 2, '2-21-23-26', '93-507-19-51', NULL, NULL),
(161, 1, 'Кўдакистони № 41', 'Кўдакистони № 41', 'ҲотамоваСафармоҳ', 'Карамова 17', 2, '2-24-03-82', '98-545-84-62', NULL, NULL),
(162, 1, 'Кўдакистони № 45', 'Кўдакистони № 45', 'ШариповаНаргис', 'Луначарский 1', 2, '2-24-04-17', '917-30-17-71', NULL, NULL),
(163, 1, 'Кўдакистони № 59', 'Кўдакистони № 59', 'РаҷабалиеваРобия', 'Бохтар 47', 2, '2-21-95-23', '95-137-10-31', NULL, NULL),
(164, 1, 'ШирхорКўдакистони № 78', 'ШирхорКўдакистони № 78', 'РозиқоваШамигул', 'Ибни Сино50', 2, '2-24-01-42', '95-137-10-58', NULL, NULL),
(165, 1, 'Кўдакистони № 104', 'Кўдакистони № 104', 'УмароваМамлакат', 'МаҳмадуллоХ. 15', 2, '2-24-40-29', '98-584-28-59', NULL, NULL),
(166, 1, 'Кўдакистони № 110', 'Кўдакистони № 110', 'ФазоловаҚаламниссо', 'Лоҳут ӣ 10', 2, '2-27-01-04', '93-475-46-49', NULL, NULL),
(167, 1, 'Кўдакистони № 149', 'Кўдакистони № 149', 'УбайдоваЗулфия', 'Парвин 2', 2, '2-24-06-00', '95-137-10-60', NULL, NULL),
(168, 1, 'Кўдакистони № 20', 'Кўдакистони № 20', 'КурбоноваМуҳаббат', 'н.Қарабоева 1', 5, '2-33-24-67', '95-138-09-45', NULL, NULL),
(169, 1, 'Кўдакистони № 52', 'Кўдакистони № 52', 'СайвалиеваҲабиба', '50л.Таджикистана29/1', 5, '2-34-62-74', '95-138-09-57', NULL, NULL),
(170, 1, 'Кўдакистони № 53', 'Кўдакистони № 53', 'Саодатова М.', 'Фирдавсӣ30-а', 5, '2-34-64-05', '95-138-09-88', NULL, NULL),
(171, 1, 'Кўдакистони № 65', 'Кўдакистони № 65', ' БаротоваЗулфия', 'Хатлон 6', 5, '2-60-72-75', '919-43-36-32', NULL, NULL),
(172, 1, 'Кўдакистони № 72', 'Кўдакистони № 72', ' ОхуноваМақсуда', 'Матросова  7', 5, '4-41-39-46', '917-75-33-46', NULL, NULL),
(173, 1, 'Кўдакистони № 76', 'Кўдакистони № 76', 'ШералиеваГулҷаҳон', 'Деҳотӣ43/3  46 мик', 5, '2-34-70-76', '93-500-42-16', NULL, NULL),
(174, 1, 'Кўдакистони № 84', 'Кўдакистони № 84', 'ЯқубоваДилором', 'Борбад74/3064мик', 5, '2-31-00-14', '93-504-97-97', NULL, NULL),
(175, 1, 'Кўдакистони № 106', 'Кўдакистони № 106', 'УмароваМукаррама', 'Н.Қарабоева 27', 5, '2-33-53-22', '918-88-52-06', NULL, NULL),
(176, 1, 'Кўдакистони № 117', 'Кўдакистони № 117', 'ТабароваШаҳзода', 'Н.Қарабоева 72', 5, '2-34-09-39', '95-138-09-87', NULL, NULL),
(177, 1, 'Кўдакистони № 119', 'Кўдакистони № 119', 'РаҳмоноваЗебиниссо', 'Мир Алӣ 123', 5, '2-34-67-50', '95-138-09-65', NULL, NULL),
(178, 1, 'Кўдакистони № 123', 'Кўдакистони № 123', 'ФозиловаНасиба', 'Деҳотӣ 9/1', 5, '2-34-68-56', '919-36-01-29', NULL, NULL),
(179, 1, 'Кўдакистони № 124', 'Кўдакистони № 124', 'ЁдгороваЕлена  ', 'Фирдавсӣ  5/5', 5, '2-31-70-38', '919-02-32-97', NULL, NULL),
(180, 1, 'Кўдакистони № 126', 'Кўдакистони № 126', 'СулаймоноваБашорат', 'Фирдавсӣ 5/4', 5, '2-31-71-97', '95-155-14-95', NULL, NULL),
(181, 1, 'Кўдакистони № 127', 'Кўдакистони № 127', ' СаъдуллоеваСоро', 'Фирдавсӣ 33', 5, '2-31-75-98', '95-138-09-77', NULL, NULL),
(182, 1, 'Кўдакистони № 128', 'Кўдакистони № 128', ' ГуловаЛатофат', 'Фирдавсӣ 119/1', 5, '2-31-75-93', '95-138-09-71', NULL, NULL),
(183, 1, 'Кўдакистони № 129', 'Кўдакистони № 129', 'РузиеваРозия', 'Фирдавсӣ 117', 5, '2-31-65-85', '95-138-09-72', NULL, NULL),
(184, 1, 'Кўдакистони № 130', 'Кўдакистони № 130', ' МуродоваЗарина  ', 'Фирдавсӣ 57-а', 5, '2-31-64-48', '95-138-09-74', NULL, NULL),
(185, 1, 'Кўдакистони № 131', 'Кўдакистони № 131', 'МаҳмудоваОрифа', 'ЗКДС.п.Гулбутт', 5, '4-45-20-69', '95-138-09-63', NULL, NULL),
(186, 1, 'Кўдакистони № 132', 'Кўдакистони № 132', 'ОлдиловаЗайдалмоҳ', 'Қосимова 1/6', 5, '2-31-59-60', '95-138-09-76', NULL, NULL),
(187, 1, 'Кўдакистони № 134', 'Кўдакистони № 134', 'ФозиловаСайёра', 'Фирдавсӣ146-а', 5, '239-07-21', '93-601-78-88', NULL, NULL),
(188, 1, 'Кўдакистони № 135', 'Кўдакистони № 135', 'СабзаеваФазилат', '50л Таджикистана 17', 5, '2-34-65-30', '95-138-09-84', NULL, NULL),
(189, 1, 'Кўдакистони № 151', 'Кўдакистони № 151', 'СафароваСайёра', 'Н.Қарабоева', 5, '2-34-25-02', '95-138-09-80', NULL, NULL),
(190, 1, 'Кўдакистони № 1', 'Кўдакистони № 1', 'Ғозиева Соро', 'Айнӣ №74', 4, '2- 25-62-05', '919-23-97-55, 95-115-18-01', NULL, NULL),
(191, 1, 'Кўдакистони № 24', 'Кўдакистони № 24', 'ЯтимоваГулчеҳра', 'Д.Халқҳо 37', 4, '2-22-02-71', '918-95-52-72, 95-115-18-24', NULL, NULL),
(192, 1, 'Кўдакистони № 27', 'Кўдакистони № 27', 'ЗариповаРупиямоҳ', 'Айнӣ №28', 4, '2-27-29-58', '93-505-33-33, 95-115-18-27', NULL, NULL),
(193, 1, 'Кўдакистони № 36', 'Кўдакистони № 36', 'ГуловаМайсара', 'Лоҳутӣ  17', 4, '2-27-29-58', '95-115-18-37', NULL, NULL),
(194, 1, 'Кўдакистони № 44', 'Кўдакистони № 44', 'Усмонова Зебо', 'Лоҳутӣ 22', 4, '2- 27-29-34', '919-99-18-91, 95-115-18-44', NULL, NULL),
(195, 1, 'Кўдакистони № 46', 'Кўдакистони № 46', 'ШероваТахмина', 'Айнӣ №67', 4, '2 -26-08-03', '918-97-75-97, 95-115-18-46', NULL, NULL),
(196, 1, 'Кўдакистони № 64', 'Кўдакистони № 64', 'УруноваМавҷуда', 'Бинокорон 26', 4, '2-25-97-74', '93-423-84-24, 95-115-18-64', NULL, NULL),
(197, 1, 'Кўдакистони № 67', 'Кўдакистони № 67', 'ВоҳидоваБибираҷаб', 'Муҳаммадиев3/2', 4, '2-27-03-11', '917-15-23-27, 95-115-18-67', NULL, NULL),
(198, 1, 'Кўдакистони № 79', 'Кўдакистони № 79', 'НабиеваҶамила', 'Назаршоев 269', 4, '2-25-56-61', '93-563-16-72, 95-115-18-79', NULL, NULL),
(199, 1, 'Кўдакистони № 159', 'Кўдакистони № 159', 'ШарифоваБунафша', 'Айнӣ №345', 4, '2-25-89-89', '95-115-18-59', NULL, NULL),
(200, 1, 'Кўдакистони № 7', 'Кўдакистони № 7', 'УмароваСурайё', 'Бухоро 38 А', 4, '2-21-88-72', '919-58-58-82', NULL, NULL),
(201, 1, 'Кўдакистони № 13', 'Кўдакистони № 13', 'ҚобиловаДилбар', 'Шоумян 4', 4, '-------------', '918-61-62-71', NULL, NULL),
(202, 1, 'Кўдакистони № 29', 'Кўдакистони № 29', 'ТошпулотоваУктамхон', 'Назаршоев 1', 4, '2-27-94-80', '93-508-18-17', NULL, NULL),
(203, 1, 'Кўдакистони № 32', 'Кўдакистони № 32', 'РаҷабоваЗаҳро', 'Аэропорт 10', 4, '4-49-41-62', '98-502-80-83', NULL, NULL),
(204, 1, 'Кўдакистони № 51', 'Кўдакистони № 51', 'ҶумаеваФирўза', 'Зеҳнӣ 3', 4, '2-23-27-43', '907-42-16-16', NULL, NULL),
(205, 1, 'Кўдакистони № 58', 'Кўдакистони № 58', 'НиёзоваЗиёда', 'У. Зоконӣ 1', 4, '2-94-28-56', '918-40-51-35', NULL, NULL),
(206, 3, 'Мактаб-интернати № 1', 'Мактаб-интернати № 1', 'Ғайратов Ф.', 'Гипрозем - 9', 1, '2-31-24-67', '907-30-08-78', NULL, NULL),
(207, 3, 'Мактаб-интернати № 2', 'Мактаб-интернати № 2', 'Ахмедов А.', 'Машъал 16', 1, '4-41-65-67', '95-138-04-80', NULL, NULL),
(208, 3, 'Мактаб-интернати № 3', 'Мактаб-интернати № 3', 'Кадамова Г.', 'Тахтагул 27', 1, '2-37-77-27', '95-138-04-55', '38.593000566', '68.753095865'),
(209, 3, 'Мактаб-интернати № 4', 'Мактаб-интернати № 4', 'Муминов С.', 'Сана 5', 1, '2-40-03-48', '95-138-04-82', NULL, NULL),
(210, 3, 'Хонаи кўдакон', 'Хонаи кўдакон', 'Мегниева Р.', 'Борбад 72/3', 1, '2-31-36-02', '95-138-04-84', NULL, NULL),
(211, 3, 'Мактаб интернати нобиноён', 'Мактаб интернати нобиноён', 'Шоев Ғ.', '-------------', 1, '2-33-11-76', '95-163-63-58', NULL, NULL),
(212, 4, 'Маркази рушди истеъдодхо', 'Маркази рушди истеъдодхо', 'Сафаров Рустам Максудшоевич', 'Шотемур-28, 734002', 2, '47-444-73-74, 47-444-73-75', '', NULL, NULL),
(213, 4, 'Маркази кудакон ва наврасон', 'Маркази кудакон ва наврасон', 'Холов Комилчон Махмадрахимович', 'Шотемур', 2, '221-31-43   ', '47-444-78-05', NULL, NULL),
(214, 4, 'Маркази технологияи информатсионӣ ва коммуникатсиони', 'Маркази технологияи информатсионӣ ва коммуникатсиони', 'Норматов Шавкат Каримович', 'кучаи Мирзо Турсунзода 8/a ', 4, '227-31-43', '938-03-93-92', NULL, NULL),
(215, 2, 'Мактаби асосии № 22', 'Мактаби асосии № 22', NULL, NULL, NULL, NULL, NULL, NULL, NULL),
(216, 2, 'Мактаби асосии № 27', 'Мактаби асосии № 27', NULL, NULL, NULL, NULL, NULL, NULL, NULL),
(217, 2, 'Мактаби асосии № 3', 'Мактаби асосии № 3', NULL, NULL, NULL, NULL, NULL, NULL, NULL),
(218, 2, 'Мактаби асосии № 57', 'Мактаби асосии № 57', NULL, NULL, NULL, NULL, NULL, NULL, NULL),
(219, 2, 'Мактаби асосии № 80', 'Мактаби асосии № 80', NULL, NULL, NULL, NULL, NULL, NULL, NULL),
(220, 2, 'Мактаби асосии № 80', 'Мактаби асосии № 80', NULL, NULL, NULL, NULL, NULL, NULL, NULL),
(221, NULL, 'Гимназияи иктисоди', 'Гимназияи иктисоди', NULL, NULL, NULL, NULL, NULL, NULL, NULL),
(222, NULL, 'Гимназияи кафолат', 'Гимназияи кафолат', NULL, NULL, NULL, NULL, NULL, NULL, NULL),
(223, NULL, 'Гимназияи назди ДИТ', 'Гимназияи назди ДИТ', NULL, NULL, NULL, NULL, NULL, NULL, NULL),
(224, NULL, 'Гимназияи назди Донишгохи сохибкори ва хизмат', 'Гимназияи назди Донишгохи сохибкори ва хизмат', NULL, NULL, NULL, NULL, NULL, NULL, NULL),
(225, NULL, 'Гимназияи назди Донишгохи Тичорати Точикистон', 'Гимназияи назди Донишгохи Тичорати Точикистон', NULL, NULL, NULL, NULL, NULL, NULL, NULL),
(226, NULL, 'Гимназияи Сомони', 'Гимназияи Сомони', NULL, NULL, NULL, NULL, NULL, NULL, NULL),
(227, NULL, 'Гимназияи Точикистон', 'Гимназияи Точикистон', NULL, NULL, NULL, NULL, NULL, NULL, NULL),
(228, NULL, 'Гимназияи Хилол', 'Гимназияи Хилол', NULL, NULL, NULL, NULL, NULL, NULL, NULL),
(229, NULL, 'Гимназияи Химмат', 'Гимназияи Химмат', NULL, NULL, NULL, NULL, NULL, NULL, NULL),
(230, NULL, 'Гимназияи Хотам ПВ', 'Гимназияи Хотам ПВ', NULL, NULL, NULL, NULL, NULL, NULL, NULL),
(231, NULL, 'Гимназияи № 53', 'Гимназияи № 53', NULL, NULL, NULL, NULL, NULL, NULL, NULL),
(232, NULL, 'Гимназияи № 74', 'Гимназияи № 74', NULL, NULL, NULL, NULL, NULL, NULL, NULL),
(233, NULL, 'Гимназияи № 9', 'Гимназияи № 9', NULL, NULL, NULL, NULL, NULL, NULL, NULL),
(234, NULL, 'Гимназияи №1', 'Гимназияи №1', NULL, NULL, NULL, NULL, NULL, NULL, NULL),
(235, NULL, 'Гимназияи №2', 'Гимназияи №2', NULL, NULL, NULL, NULL, NULL, NULL, NULL),
(236, NULL, 'Литсеи назди Донишгохи Техникии Точикистон', 'Литсеи назди Донишгохи Техникии Точикистон', NULL, NULL, NULL, NULL, NULL, NULL, NULL),
(237, NULL, 'литсейи  назди ДМТ', 'литсейи  назди ДМТ', NULL, NULL, NULL, NULL, NULL, NULL, NULL),
(238, NULL, 'Литсейи иноватсонии назди ДТТ', 'Литсейи иноватсонии назди ДТТ', NULL, NULL, NULL, NULL, NULL, NULL, NULL),
(239, NULL, 'Литсейи интернати Президенти', 'Литсейи интернати Президенти', NULL, NULL, NULL, NULL, NULL, NULL, NULL),
(240, NULL, 'Литсейи Рохнамо', 'Литсейи Рохнамо', NULL, NULL, NULL, NULL, NULL, NULL, NULL),
(241, NULL, 'Литсейи точики турки', 'Литсейи точики турки', NULL, NULL, NULL, NULL, NULL, NULL, NULL),
(242, NULL, 'Литсейи харби', 'Литсейи харби', NULL, NULL, NULL, NULL, NULL, NULL, NULL),
(243, NULL, 'Литсейи №1', 'Литсейи №1', NULL, NULL, NULL, NULL, NULL, NULL, NULL),
(244, NULL, 'Литсейи №2', 'Литсейи №2', NULL, NULL, NULL, NULL, NULL, NULL, NULL),
(245, NULL, 'Литсейи №55', 'Литсейи №55', NULL, NULL, NULL, NULL, NULL, NULL, NULL),
(246, NULL, 'Литсейи назди ДМТ', 'Литсейи назди ДМТ', NULL, NULL, NULL, NULL, NULL, NULL, NULL),
(247, NULL, 'Мактаб - комплекс № 5', 'Мактаб - комплекс № 5', NULL, NULL, NULL, NULL, NULL, NULL, NULL),
(248, NULL, 'Мактаб-интернати варзиши', 'Мактаб-интернати варзиши', NULL, NULL, NULL, NULL, NULL, NULL, NULL),
(249, NULL, 'Мактаб-интернати мусики', 'Мактаб-интернати мусики', NULL, NULL, NULL, NULL, NULL, NULL, NULL),
(250, NULL, 'Мактаб-кудакистони рузаш бардавом', 'Мактаб-кудакистони рузаш бардавом', NULL, NULL, NULL, NULL, NULL, NULL, NULL),
(251, NULL, 'Мактаби асосии № 97', 'Мактаби асосии № 97', NULL, NULL, NULL, NULL, NULL, NULL, NULL),
(252, NULL, 'Мактаби байналмилали', 'Мактаби байналмилали', NULL, NULL, NULL, NULL, NULL, NULL, NULL),
(253, NULL, 'Мактаби байналмилалии президенти', 'Мактаби байналмилалии президенти', NULL, NULL, NULL, NULL, NULL, NULL, NULL),
(254, NULL, 'Мактаби гоибона № 10 н. И. Сомони', 'Мактаби гоибона № 10 н. И. Сомони', NULL, NULL, NULL, NULL, NULL, NULL, NULL),
(255, NULL, 'Мактаби гоибона № 11 н. Сино', 'Мактаби гоибона № 11 н. Сино', NULL, NULL, NULL, NULL, NULL, NULL, NULL),
(256, NULL, 'Мактаби гоибонаи №8 Фирдавси', 'Мактаби гоибонаи №8 Фирдавси', NULL, NULL, NULL, NULL, NULL, NULL, NULL),
(257, NULL, 'Мактаби ибтидои', 'Мактаби ибтидои', NULL, NULL, NULL, NULL, NULL, NULL, NULL),
(258, NULL, 'Мактаби ибтидои махсус', 'Мактаби ибтидои махсус', NULL, NULL, NULL, NULL, NULL, NULL, NULL),
(259, NULL, 'Мактаби ибтидоии 83', 'Мактаби ибтидоии 83', NULL, NULL, NULL, NULL, NULL, NULL, NULL),
(260, NULL, 'Мактаби ибтидоии № 14', 'Мактаби ибтидоии № 14', NULL, NULL, NULL, NULL, NULL, NULL, NULL),
(261, NULL, 'Мактаби ибтидоии № 84', 'Мактаби ибтидоии № 84', NULL, NULL, NULL, NULL, NULL, NULL, NULL),
(262, NULL, 'Мактаби ибтидоии № 85', 'Мактаби ибтидоии № 85', NULL, NULL, NULL, NULL, NULL, NULL, NULL),
(263, NULL, 'Мактаби махсус', 'Мактаби махсус', NULL, NULL, NULL, NULL, NULL, NULL, NULL);

-- --------------------------------------------------------

--
-- Структура таблицы `n-acl`
--

CREATE TABLE IF NOT EXISTS `n-acl` (
  `acl-id` int(4) unsigned NOT NULL AUTO_INCREMENT,
  `acl-name` varchar(100) COLLATE utf8_bin NOT NULL,
  `acl-gid` int(2) unsigned DEFAULT NULL,
  `acl-uid` int(8) unsigned DEFAULT NULL,
  `act-type` tinyint(1) NOT NULL DEFAULT '1',
  PRIMARY KEY (`acl-id`)
) ENGINE=InnoDB  DEFAULT CHARSET=utf8 COLLATE=utf8_bin AUTO_INCREMENT=2 ;

--
-- Дамп данных таблицы `n-acl`
--

INSERT INTO `n-acl` (`acl-id`, `acl-name`, `acl-gid`, `acl-uid`, `act-type`) VALUES
(1, '*,*', 1, NULL, 1);

-- --------------------------------------------------------

--
-- Структура таблицы `n-groups`
--

CREATE TABLE IF NOT EXISTS `n-groups` (
  `gp-gid` int(2) unsigned NOT NULL AUTO_INCREMENT,
  `gp-group` varchar(250) COLLATE utf8_bin NOT NULL,
  `gp-sort` int(2) NOT NULL DEFAULT '0',
  PRIMARY KEY (`gp-gid`)
) ENGINE=InnoDB  DEFAULT CHARSET=utf8 COLLATE=utf8_bin AUTO_INCREMENT=4 ;

--
-- Дамп данных таблицы `n-groups`
--

INSERT INTO `n-groups` (`gp-gid`, `gp-group`, `gp-sort`) VALUES
(1, 'Администраторы', 0),
(2, 'Управление образования города', 0),
(3, 'Районные отделы образования', 0);

-- --------------------------------------------------------

--
-- Структура таблицы `n-users`
--

CREATE TABLE IF NOT EXISTS `n-users` (
  `usr-uid` int(8) unsigned NOT NULL AUTO_INCREMENT,
  `usr-gid` int(2) unsigned NOT NULL,
  `usr-pid` int(8) unsigned DEFAULT NULL,
  `usr-login` varchar(100) COLLATE utf8_bin NOT NULL,
  `usr-pwd` varchar(255) COLLATE utf8_bin NOT NULL,
  `usr-salt` varchar(8) COLLATE utf8_bin NOT NULL,
  `usr-hint` varchar(255) COLLATE utf8_bin NOT NULL,
  `usr-status` int(1) NOT NULL DEFAULT '1',
  `usr-created` timestamp NOT NULL DEFAULT CURRENT_TIMESTAMP,
  `usr-lastlogin` timestamp NOT NULL DEFAULT '0000-00-00 00:00:00',
  PRIMARY KEY (`usr-uid`)
) ENGINE=InnoDB  DEFAULT CHARSET=utf8 COLLATE=utf8_bin AUTO_INCREMENT=2 ;

--
-- Дамп данных таблицы `n-users`
--

INSERT INTO `n-users` (`usr-uid`, `usr-gid`, `usr-pid`, `usr-login`, `usr-pwd`, `usr-salt`, `usr-hint`, `usr-status`, `usr-created`, `usr-lastlogin`) VALUES
(1, 1, NULL, 'admin', '4e33559592d78056a7113ea23b92cc7d', 'j14', 'b3BlbmRhdGE=', 2, '2015-05-13 11:30:42', '2015-06-10 10:02:37');

-- --------------------------------------------------------

--
-- Структура таблицы `namudi_muassisa`
--

CREATE TABLE IF NOT EXISTS `namudi_muassisa` (
  `namud-id` int(11) NOT NULL AUTO_INCREMENT,
  `namud-name_ru` varchar(255) DEFAULT NULL,
  `namud-name_tj` varchar(45) DEFAULT NULL,
  PRIMARY KEY (`namud-id`)
) ENGINE=InnoDB  DEFAULT CHARSET=utf8 AUTO_INCREMENT=5 ;

--
-- Дамп данных таблицы `namudi_muassisa`
--

INSERT INTO `namudi_muassisa` (`namud-id`, `namud-name_ru`, `namud-name_tj`) VALUES
(1, 'Муассисахои тахсилоти то мактаби', 'Муассисахои тахсилоти то мактаби'),
(2, 'Мактабхои тахсилоти миёна умуми', 'Мактабхои тахсилоти миёна умуми'),
(3, 'Мактаб интернатхо', 'Мактаб интернатхо'),
(4, 'Иловаги', 'Иловаги');

-- --------------------------------------------------------

--
-- Структура таблицы `registration_form`
--

CREATE TABLE IF NOT EXISTS `registration_form` (
  `id` int(11) NOT NULL AUTO_INCREMENT,
  `muassisa_id` int(11) DEFAULT NULL,
  `namudi_muassisa_id` int(11) DEFAULT NULL,
  `nom` varchar(255) DEFAULT NULL,
  `nasab` varchar(255) DEFAULT NULL,
  `nomi_padar` varchar(255) DEFAULT NULL,
  `zodruz` date DEFAULT NULL,
  `raqami_shahodatnoma` varchar(45) DEFAULT NULL,
  `yatim` tinyint(4) DEFAULT NULL,
  `nomi_volidon` varchar(255) DEFAULT NULL,
  `address_volidon` varchar(255) DEFAULT NULL,
  `email_volidon` varchar(255) DEFAULT NULL,
  `telefon_volidon` varchar(255) DEFAULT NULL,
  PRIMARY KEY (`id`)
) ENGINE=InnoDB DEFAULT CHARSET=utf8 AUTO_INCREMENT=1 ;

/*!40101 SET CHARACTER_SET_CLIENT=@OLD_CHARACTER_SET_CLIENT */;
/*!40101 SET CHARACTER_SET_RESULTS=@OLD_CHARACTER_SET_RESULTS */;
/*!40101 SET COLLATION_CONNECTION=@OLD_COLLATION_CONNECTION */;
